REGION;DEPARTAMENTO;MUNICIPIO;COD_DANE;PROBABILIDAD;FECHA_EJECUCION
ANDINA;ANTIOQUIA;ABEJORRAL;05002;3;4/12/2023
ANDINA;ANTIOQUIA;AMAGÁ;05030;3;4/12/2023
ANDINA;ANTIOQUIA;AMALFI;05031;3;4/12/2023
ANDINA;ANTIOQUIA;ANDES;05034;3;4/12/2023
ANDINA;ANTIOQUIA;ANGELÓPOLIS;05036;3;4/12/2023
ANDINA;ANTIOQUIA;ANZÁ;05044;3;4/12/2023
ANDINA;ANTIOQUIA;ARMENIA;05059;3;4/12/2023
ANDINA;ANTIOQUIA;BELLO;05088;3;4/12/2023
ANDINA;ANTIOQUIA;BELMIRA;05086;3;4/12/2023
ANDINA;ANTIOQUIA;BETULIA;05093;3;4/12/2023
ANDINA;ANTIOQUIA;BURITICÁ;05113;3;4/12/2023
ANDINA;ANTIOQUIA;CALDAS;05129;3;4/12/2023
ANDINA;ANTIOQUIA;CARAMANTA;05145;3;4/12/2023
ANDINA;ANTIOQUIA;CAROLINA;05150;3;4/12/2023
ANDINA;ANTIOQUIA;CIUDAD BOLÍVAR;05101;3;4/12/2023
ANDINA;ANTIOQUIA;CONCORDIA;05209;3;4/12/2023
ANDINA;ANTIOQUIA;COPACABANA;05212;3;4/12/2023
ANDINA;ANTIOQUIA;DONMATÍAS;05237;3;4/12/2023
ANDINA;ANTIOQUIA;EBÉJICO;05240;3;4/12/2023
ANDINA;ANTIOQUIA;EL BAGRE;05250;3;4/12/2023
ANDINA;ANTIOQUIA;EL CARMEN DE VIBORAL;05148;3;4/12/2023
ANDINA;ANTIOQUIA;ENVIGADO;05266;3;4/12/2023
ANDINA;ANTIOQUIA;FREDONIA;05282;3;4/12/2023
ANDINA;ANTIOQUIA;GIRALDO;05306;3;4/12/2023
ANDINA;ANTIOQUIA;GIRARDOTA;05308;3;4/12/2023
ANDINA;ANTIOQUIA;GUADALUPE;05315;3;4/12/2023
ANDINA;ANTIOQUIA;GUARNE;05318;3;4/12/2023
ANDINA;ANTIOQUIA;GÓMEZ PLATA;05310;3;4/12/2023
ANDINA;ANTIOQUIA;HELICONIA;05347;3;4/12/2023
ANDINA;ANTIOQUIA;HISPANIA;05353;3;4/12/2023
ANDINA;ANTIOQUIA;ITAGÜÍ;05360;3;4/12/2023
ANDINA;ANTIOQUIA;JARDÍN;05364;3;4/12/2023
ANDINA;ANTIOQUIA;JERICÓ;05368;3;4/12/2023
ANDINA;ANTIOQUIA;LA CEJA;05376;3;4/12/2023
ANDINA;ANTIOQUIA;LA ESTRELLA;05380;3;4/12/2023
ANDINA;ANTIOQUIA;LA PINTADA;05390;3;4/12/2023
ANDINA;ANTIOQUIA;LA UNIÓN;05400;3;4/12/2023
ANDINA;ANTIOQUIA;LIBORINA;05411;3;4/12/2023
ANDINA;ANTIOQUIA;MEDELLÍN;05001;3;4/12/2023
ANDINA;ANTIOQUIA;MONTEBELLO;05467;3;4/12/2023
ANDINA;ANTIOQUIA;NECHÍ;05495;3;4/12/2023
ANDINA;ANTIOQUIA;OLAYA;05501;3;4/12/2023
ANDINA;ANTIOQUIA;PUEBLORRICO;05576;3;4/12/2023
ANDINA;ANTIOQUIA;RETIRO;05607;3;4/12/2023
ANDINA;ANTIOQUIA;RIONEGRO;05615;3;4/12/2023
ANDINA;ANTIOQUIA;SABANETA;05631;3;4/12/2023
ANDINA;ANTIOQUIA;SALGAR;05642;3;4/12/2023
ANDINA;ANTIOQUIA;SAN JERÓNIMO;05656;3;4/12/2023
ANDINA;ANTIOQUIA;SAN PEDRO DE LOS MILAGROS;05664;3;4/12/2023
ANDINA;ANTIOQUIA;SANTA BÁRBARA;05679;3;4/12/2023
ANDINA;ANTIOQUIA;SANTA FÉ DE ANTIOQUIA;05042;3;4/12/2023
ANDINA;ANTIOQUIA;SANTA ROSA DE OSOS;05686;3;4/12/2023
ANDINA;ANTIOQUIA;SEGOVIA;05736;3;4/12/2023
ANDINA;ANTIOQUIA;SONSÓN;05756;3;4/12/2023
ANDINA;ANTIOQUIA;SOPETRÁN;05761;3;4/12/2023
ANDINA;ANTIOQUIA;TARSO;05792;3;4/12/2023
ANDINA;ANTIOQUIA;TITIRIBÍ;05809;3;4/12/2023
ANDINA;ANTIOQUIA;TÁMESIS;05789;3;4/12/2023
ANDINA;ANTIOQUIA;URRAO;05847;3;4/12/2023
ANDINA;ANTIOQUIA;VALPARAÍSO;05856;3;4/12/2023
ANDINA;ANTIOQUIA;VENECIA;05861;3;4/12/2023
ANDINA;ANTIOQUIA;YALÍ;05885;3;4/12/2023
ANDINA;ANTIOQUIA;YOLOMBÓ;05890;3;4/12/2023
ORINOQUÍA;ARAUCA;CRAVO NORTE;81220;3;4/12/2023
ORINOQUÍA;ARAUCA;TAME;81794;3;4/12/2023
ANDINA;BOGOTÁ, D.C.;BOGOTÁ, D.C.;11001;3;4/12/2023
CARIBE;BOLÍVAR;ACHÍ;13006;3;4/12/2023
CARIBE;BOLÍVAR;ALTOS DEL ROSARIO;13030;3;4/12/2023
CARIBE;BOLÍVAR;ARENAL;13042;3;4/12/2023
CARIBE;BOLÍVAR;BARRANCO DE LOBA;13074;3;4/12/2023
CARIBE;BOLÍVAR;CANTAGALLO;13160;3;4/12/2023
CARIBE;BOLÍVAR;EL CARMEN DE BOLÍVAR;13244;3;4/12/2023
CARIBE;BOLÍVAR;EL PEÑÓN;13268;3;4/12/2023
CARIBE;BOLÍVAR;MONTECRISTO;13458;3;4/12/2023
CARIBE;BOLÍVAR;MORALES;13473;3;4/12/2023
CARIBE;BOLÍVAR;NOROSÍ;13490;3;4/12/2023
CARIBE;BOLÍVAR;RÍO VIEJO;13600;3;4/12/2023
CARIBE;BOLÍVAR;SAN JACINTO DEL CAUCA;13655;3;4/12/2023
CARIBE;BOLÍVAR;SAN MARTÍN DE LOBA;13667;3;4/12/2023
CARIBE;BOLÍVAR;SAN PABLO;13670;3;4/12/2023
CARIBE;BOLÍVAR;SANTA ROSA DEL SUR;13688;3;4/12/2023
CARIBE;BOLÍVAR;SIMITÍ;13744;3;4/12/2023
CARIBE;BOLÍVAR;TIQUISIO;13810;3;4/12/2023
ANDINA;BOYACÁ;ARCABUCO;15051;3;4/12/2023
ANDINA;BOYACÁ;BELÉN;15087;3;4/12/2023
ANDINA;BOYACÁ;BERBEO;15090;3;4/12/2023
ANDINA;BOYACÁ;BETÉITIVA;15092;3;4/12/2023
ANDINA;BOYACÁ;BOAVITA;15097;3;4/12/2023
ANDINA;BOYACÁ;CALDAS;15131;3;4/12/2023
ANDINA;BOYACÁ;CERINZA;15162;3;4/12/2023
ANDINA;BOYACÁ;CHIQUINQUIRÁ;15176;3;4/12/2023
ANDINA;BOYACÁ;CHISCAS;15180;3;4/12/2023
ANDINA;BOYACÁ;CHITA;15183;3;4/12/2023
ANDINA;BOYACÁ;CHIVOR;15236;3;4/12/2023
ANDINA;BOYACÁ;CHÍQUIZA;15232;3;4/12/2023
ANDINA;BOYACÁ;COVARACHÍA;15218;3;4/12/2023
ANDINA;BOYACÁ;CUBARÁ;15223;3;4/12/2023
ANDINA;BOYACÁ;CUCAITA;15224;3;4/12/2023
ANDINA;BOYACÁ;CÓMBITA;15204;3;4/12/2023
ANDINA;BOYACÁ;DUITAMA;15238;3;4/12/2023
ANDINA;BOYACÁ;EL COCUY;15244;3;4/12/2023
ANDINA;BOYACÁ;EL ESPINO;15248;3;4/12/2023
ANDINA;BOYACÁ;FIRAVITOBA;15272;3;4/12/2023
ANDINA;BOYACÁ;FLORESTA;15276;3;4/12/2023
ANDINA;BOYACÁ;GACHANTIVÁ;15293;3;4/12/2023
ANDINA;BOYACÁ;GUACAMAYAS;15317;3;4/12/2023
ANDINA;BOYACÁ;GUATEQUE;15322;3;4/12/2023
ANDINA;BOYACÁ;GUAYATÁ;15325;3;4/12/2023
ANDINA;BOYACÁ;GÁMEZA;15296;3;4/12/2023
ANDINA;BOYACÁ;GÜICÁN DE LA SIERRA;15332;3;4/12/2023
ANDINA;BOYACÁ;IZA;15362;3;4/12/2023
ANDINA;BOYACÁ;JERICÓ;15368;3;4/12/2023
ANDINA;BOYACÁ;LA UVITA;15403;3;4/12/2023
ANDINA;BOYACÁ;MIRAFLORES;15455;3;4/12/2023
ANDINA;BOYACÁ;MONGUA;15464;3;4/12/2023
ANDINA;BOYACÁ;MONIQUIRÁ;15469;3;4/12/2023
ANDINA;BOYACÁ;MOTAVITA;15476;3;4/12/2023
ANDINA;BOYACÁ;NOBSA;15491;3;4/12/2023
ANDINA;BOYACÁ;PAIPA;15516;3;4/12/2023
ANDINA;BOYACÁ;PANQUEBA;15522;3;4/12/2023
ANDINA;BOYACÁ;PAZ DE RÍO;15537;3;4/12/2023
ANDINA;BOYACÁ;PESCA;15542;3;4/12/2023
ANDINA;BOYACÁ;PÁEZ;15514;3;4/12/2023
ANDINA;BOYACÁ;RONDÓN;15621;3;4/12/2023
ANDINA;BOYACÁ;RÁQUIRA;15600;3;4/12/2023
ANDINA;BOYACÁ;SAN MATEO;15673;3;4/12/2023
ANDINA;BOYACÁ;SAN MIGUEL DE SEMA;15676;3;4/12/2023
ANDINA;BOYACÁ;SANTA ROSA DE VITERBO;15693;3;4/12/2023
ANDINA;BOYACÁ;SATIVANORTE;15720;3;4/12/2023
ANDINA;BOYACÁ;SATIVASUR;15723;3;4/12/2023
ANDINA;BOYACÁ;SOATÁ;15753;3;4/12/2023
ANDINA;BOYACÁ;SOCHA;15757;3;4/12/2023
ANDINA;BOYACÁ;SOCOTÁ;15755;3;4/12/2023
ANDINA;BOYACÁ;SOGAMOSO;15759;3;4/12/2023
ANDINA;BOYACÁ;SOMONDOCO;15761;3;4/12/2023
ANDINA;BOYACÁ;SORA;15762;3;4/12/2023
ANDINA;BOYACÁ;SOTAQUIRÁ;15763;3;4/12/2023
ANDINA;BOYACÁ;SUSACÓN;15774;3;4/12/2023
ANDINA;BOYACÁ;SUTATENZA;15778;3;4/12/2023
ANDINA;BOYACÁ;SÁCHICA;15638;3;4/12/2023
ANDINA;BOYACÁ;TIBASOSA;15806;3;4/12/2023
ANDINA;BOYACÁ;TINJACÁ;15808;3;4/12/2023
ANDINA;BOYACÁ;TIPACOQUE;15810;3;4/12/2023
ANDINA;BOYACÁ;TOCA;15814;3;4/12/2023
ANDINA;BOYACÁ;TOGÜÍ;15816;3;4/12/2023
ANDINA;BOYACÁ;TUTA;15837;3;4/12/2023
ANDINA;BOYACÁ;TUTAZÁ;15839;3;4/12/2023
ANDINA;BOYACÁ;VILLA DE LEYVA;15407;3;4/12/2023
ANDINA;BOYACÁ;VIRACACHÁ;15879;3;4/12/2023
ANDINA;BOYACÁ;ZETAQUIRA;15897;3;4/12/2023
ANDINA;BOYACÁ;ÚMBITA;15842;3;4/12/2023
ANDINA;CALDAS;AGUADAS;17013;3;4/12/2023
ANDINA;CALDAS;LA MERCED;17388;3;4/12/2023
ANDINA;CALDAS;MANIZALES;17001;3;4/12/2023
ANDINA;CALDAS;MARMATO;17442;3;4/12/2023
ANDINA;CALDAS;MARULANDA;17446;3;4/12/2023
ANDINA;CALDAS;NEIRA;17486;3;4/12/2023
ANDINA;CALDAS;PÁCORA;17513;3;4/12/2023
ANDINA;CALDAS;RIOSUCIO;17614;3;4/12/2023
ANDINA;CALDAS;SUPÍA;17777;3;4/12/2023
ORINOQUÍA;CASANARE;HATO COROZAL;85125;3;4/12/2023
ORINOQUÍA;CASANARE;LA SALINA;85136;3;4/12/2023
ORINOQUÍA;CASANARE;MONTERREY;85162;3;4/12/2023
ORINOQUÍA;CASANARE;PAZ DE ARIPORO;85250;3;4/12/2023
ORINOQUÍA;CASANARE;SABANALARGA;85300;3;4/12/2023
PACÍFICO;CAUCA;ALMAGUER;19022;3;4/12/2023
PACÍFICO;CAUCA;BOLÍVAR;19100;3;4/12/2023
PACÍFICO;CAUCA;FLORENCIA;19290;3;4/12/2023
PACÍFICO;CAUCA;INZÁ;19355;3;4/12/2023
PACÍFICO;CAUCA;MERCADERES;19450;3;4/12/2023
PACÍFICO;CAUCA;PURACÉ;19585;3;4/12/2023
PACÍFICO;CAUCA;PÁEZ;19517;3;4/12/2023
PACÍFICO;CAUCA;SAN SEBASTIÁN;19693;3;4/12/2023
PACÍFICO;CAUCA;SANTA ROSA;19701;3;4/12/2023
PACÍFICO;CAUCA;SILVIA;19743;3;4/12/2023
PACÍFICO;CAUCA;TOTORÓ;19824;3;4/12/2023
CARIBE;CESAR;AGUACHICA;20011;3;4/12/2023
CARIBE;CESAR;AGUSTÍN CODAZZI;20013;3;4/12/2023
CARIBE;CESAR;BECERRIL;20045;3;4/12/2023
CARIBE;CESAR;BOSCONIA;20060;3;4/12/2023
CARIBE;CESAR;CHIMICHAGUA;20175;3;4/12/2023
CARIBE;CESAR;CHIRIGUANÁ;20178;3;4/12/2023
CARIBE;CESAR;CURUMANÍ;20228;3;4/12/2023
CARIBE;CESAR;EL COPEY;20238;3;4/12/2023
CARIBE;CESAR;EL PASO;20250;3;4/12/2023
CARIBE;CESAR;LA GLORIA;20383;3;4/12/2023
CARIBE;CESAR;LA JAGUA DE IBIRICO;20400;3;4/12/2023
CARIBE;CESAR;LA PAZ;20621;3;4/12/2023
CARIBE;CESAR;MANAURE BALCÓN DEL CESAR;20443;3;4/12/2023
CARIBE;CESAR;PAILITAS;20517;3;4/12/2023
CARIBE;CESAR;PELAYA;20550;3;4/12/2023
CARIBE;CESAR;PUEBLO BELLO;20570;3;4/12/2023
CARIBE;CESAR;RÍO DE ORO;20614;3;4/12/2023
CARIBE;CESAR;SAN ALBERTO;20710;3;4/12/2023
CARIBE;CESAR;SAN DIEGO;20750;3;4/12/2023
CARIBE;CESAR;SAN MARTÍN;20770;3;4/12/2023
CARIBE;CESAR;VALLEDUPAR;20001;3;4/12/2023
ANDINA;CUNDINAMARCA;ALBÁN;25019;3;4/12/2023
ANDINA;CUNDINAMARCA;ANAPOIMA;25035;3;4/12/2023
ANDINA;CUNDINAMARCA;ANOLAIMA;25040;3;4/12/2023
ANDINA;CUNDINAMARCA;APULO;25599;3;4/12/2023
ANDINA;CUNDINAMARCA;ARBELÁEZ;25053;3;4/12/2023
ANDINA;CUNDINAMARCA;BELTRÁN;25086;3;4/12/2023
ANDINA;CUNDINAMARCA;BITUIMA;25095;3;4/12/2023
ANDINA;CUNDINAMARCA;BOJACÁ;25099;3;4/12/2023
ANDINA;CUNDINAMARCA;CACHIPAY;25123;3;4/12/2023
ANDINA;CUNDINAMARCA;CAJICÁ;25126;3;4/12/2023
ANDINA;CUNDINAMARCA;CARMEN DE CARUPA;25154;3;4/12/2023
ANDINA;CUNDINAMARCA;CHAGUANÍ;25168;3;4/12/2023
ANDINA;CUNDINAMARCA;CHOCONTÁ;25183;3;4/12/2023
ANDINA;CUNDINAMARCA;CHÍA;25175;3;4/12/2023
ANDINA;CUNDINAMARCA;COGUA;25200;3;4/12/2023
ANDINA;CUNDINAMARCA;COTA;25214;3;4/12/2023
ANDINA;CUNDINAMARCA;CUCUNUBÁ;25224;3;4/12/2023
ANDINA;CUNDINAMARCA;EL COLEGIO;25245;3;4/12/2023
ANDINA;CUNDINAMARCA;EL ROSAL;25260;3;4/12/2023
ANDINA;CUNDINAMARCA;FACATATIVÁ;25269;3;4/12/2023
ANDINA;CUNDINAMARCA;FUSAGASUGÁ;25290;3;4/12/2023
ANDINA;CUNDINAMARCA;FÚQUENE;25288;3;4/12/2023
ANDINA;CUNDINAMARCA;GACHETÁ;25297;3;4/12/2023
ANDINA;CUNDINAMARCA;GRANADA;25312;3;4/12/2023
ANDINA;CUNDINAMARCA;GUACHETÁ;25317;3;4/12/2023
ANDINA;CUNDINAMARCA;GUATAVITA;25326;3;4/12/2023
ANDINA;CUNDINAMARCA;GUAYABAL DE SÍQUIMA;25328;3;4/12/2023
ANDINA;CUNDINAMARCA;GUTIÉRREZ;25339;3;4/12/2023
ANDINA;CUNDINAMARCA;JERUSALÉN;25368;3;4/12/2023
ANDINA;CUNDINAMARCA;LA CALERA;25377;3;4/12/2023
ANDINA;CUNDINAMARCA;LA MESA;25386;3;4/12/2023
ANDINA;CUNDINAMARCA;LA VEGA;25402;3;4/12/2023
ANDINA;CUNDINAMARCA;LENGUAZAQUE;25407;3;4/12/2023
ANDINA;CUNDINAMARCA;MACHETÁ;25426;3;4/12/2023
ANDINA;CUNDINAMARCA;MADRID;25430;3;4/12/2023
ANDINA;CUNDINAMARCA;MANTA;25436;3;4/12/2023
ANDINA;CUNDINAMARCA;MOSQUERA;25473;3;4/12/2023
ANDINA;CUNDINAMARCA;NILO;25488;3;4/12/2023
ANDINA;CUNDINAMARCA;PACHO;25513;3;4/12/2023
ANDINA;CUNDINAMARCA;PASCA;25535;3;4/12/2023
ANDINA;CUNDINAMARCA;PULÍ;25580;3;4/12/2023
ANDINA;CUNDINAMARCA;QUIPILE;25596;3;4/12/2023
ANDINA;CUNDINAMARCA;SAN ANTONIO DEL TEQUENDAMA;25645;3;4/12/2023
ANDINA;CUNDINAMARCA;SAN CAYETANO;25653;3;4/12/2023
ANDINA;CUNDINAMARCA;SAN FRANCISCO;25658;3;4/12/2023
ANDINA;CUNDINAMARCA;SAN JUAN DE RIOSECO;25662;3;4/12/2023
ANDINA;CUNDINAMARCA;SASAIMA;25718;3;4/12/2023
ANDINA;CUNDINAMARCA;SIBATÉ;25740;3;4/12/2023
ANDINA;CUNDINAMARCA;SILVANIA;25743;3;4/12/2023
ANDINA;CUNDINAMARCA;SIMIJACA;25745;3;4/12/2023
ANDINA;CUNDINAMARCA;SOACHA;25754;3;4/12/2023
ANDINA;CUNDINAMARCA;SOPÓ;25758;3;4/12/2023
ANDINA;CUNDINAMARCA;SUBACHOQUE;25769;3;4/12/2023
ANDINA;CUNDINAMARCA;SUPATÁ;25777;3;4/12/2023
ANDINA;CUNDINAMARCA;SUSA;25779;3;4/12/2023
ANDINA;CUNDINAMARCA;SUTATAUSA;25781;3;4/12/2023
ANDINA;CUNDINAMARCA;TABIO;25785;3;4/12/2023
ANDINA;CUNDINAMARCA;TAUSA;25793;3;4/12/2023
ANDINA;CUNDINAMARCA;TENA;25797;3;4/12/2023
ANDINA;CUNDINAMARCA;TENJO;25799;3;4/12/2023
ANDINA;CUNDINAMARCA;TIBACUY;25805;3;4/12/2023
ANDINA;CUNDINAMARCA;TIBIRITA;25807;3;4/12/2023
ANDINA;CUNDINAMARCA;TOCAIMA;25815;3;4/12/2023
ANDINA;CUNDINAMARCA;UNE;25845;3;4/12/2023
ANDINA;CUNDINAMARCA;VIANÍ;25867;3;4/12/2023
ANDINA;CUNDINAMARCA;VILLA DE SAN DIEGO DE UBATÉ;25843;3;4/12/2023
ANDINA;CUNDINAMARCA;VILLAPINZÓN;25873;3;4/12/2023
ANDINA;CUNDINAMARCA;VIOTÁ;25878;3;4/12/2023
ANDINA;CUNDINAMARCA;ZIPACÓN;25898;3;4/12/2023
ANDINA;CUNDINAMARCA;ZIPAQUIRÁ;25899;3;4/12/2023
CARIBE;CÓRDOBA;CIÉNAGA DE ORO;23189;3;4/12/2023
CARIBE;CÓRDOBA;MONTELÍBANO;23466;3;4/12/2023
CARIBE;CÓRDOBA;MONTERÍA;23001;3;4/12/2023
CARIBE;CÓRDOBA;PLANETA RICA;23555;3;4/12/2023
CARIBE;CÓRDOBA;SAHAGÚN;23660;3;4/12/2023
CARIBE;CÓRDOBA;SAN CARLOS;23678;3;4/12/2023
CARIBE;CÓRDOBA;TIERRALTA;23807;3;4/12/2023
ANDINA;HUILA;AIPE;41016;3;4/12/2023
ANDINA;HUILA;BARAYA;41078;3;4/12/2023
ANDINA;HUILA;CAMPOALEGRE;41132;3;4/12/2023
ANDINA;HUILA;COLOMBIA;41206;3;4/12/2023
ANDINA;HUILA;ISNOS;41359;3;4/12/2023
ANDINA;HUILA;LA ARGENTINA;41378;3;4/12/2023
ANDINA;HUILA;NEIVA;41001;3;4/12/2023
ANDINA;HUILA;PALERMO;41524;3;4/12/2023
ANDINA;HUILA;RIVERA;41615;3;4/12/2023
ANDINA;HUILA;SALADOBLANCO;41660;3;4/12/2023
ANDINA;HUILA;SANTA MARÍA;41676;3;4/12/2023
ANDINA;HUILA;TERUEL;41801;3;4/12/2023
ANDINA;HUILA;VILLAVIEJA;41872;3;4/12/2023
ANDINA;HUILA;YAGUARÁ;41885;3;4/12/2023
CARIBE;LA GUAJIRA;BARRANCAS;44078;3;4/12/2023
CARIBE;LA GUAJIRA;DIBULLA;44090;3;4/12/2023
CARIBE;LA GUAJIRA;DISTRACCIÓN;44098;3;4/12/2023
CARIBE;LA GUAJIRA;EL MOLINO;44110;3;4/12/2023
CARIBE;LA GUAJIRA;FONSECA;44279;3;4/12/2023
CARIBE;LA GUAJIRA;HATONUEVO;44378;3;4/12/2023
CARIBE;LA GUAJIRA;LA JAGUA DEL PILAR;44420;3;4/12/2023
CARIBE;LA GUAJIRA;MAICAO;44430;3;4/12/2023
CARIBE;LA GUAJIRA;RIOHACHA;44001;3;4/12/2023
CARIBE;LA GUAJIRA;SAN JUAN DEL CESAR;44650;3;4/12/2023
CARIBE;LA GUAJIRA;URIBIA;44847;3;4/12/2023
CARIBE;LA GUAJIRA;URUMITA;44855;3;4/12/2023
CARIBE;LA GUAJIRA;VILLANUEVA;44874;3;4/12/2023
CARIBE;MAGDALENA;ARACATACA;47053;3;4/12/2023
CARIBE;MAGDALENA;CIÉNAGA;47189;3;4/12/2023
CARIBE;MAGDALENA;EL BANCO;47245;3;4/12/2023
CARIBE;MAGDALENA;FUNDACIÓN;47288;3;4/12/2023
CARIBE;MAGDALENA;SANTA MARTA;47001;3;4/12/2023
CARIBE;MAGDALENA;ZONA BANANERA;47980;3;4/12/2023
ORINOQUÍA;META;EL CASTILLO;50251;3;4/12/2023
ORINOQUÍA;META;FUENTE DE ORO;50287;3;4/12/2023
ORINOQUÍA;META;GRANADA;50313;3;4/12/2023
ORINOQUÍA;META;SAN JUAN DE ARAMA;50683;3;4/12/2023
ORINOQUÍA;META;SAN MARTÍN;50689;3;4/12/2023
ORINOQUÍA;META;URIBE;50370;3;4/12/2023
PACÍFICO;NARIÑO;EL TABLÓN DE GÓMEZ;52258;3;4/12/2023
PACÍFICO;NARIÑO;LA CRUZ;52378;3;4/12/2023
PACÍFICO;NARIÑO;SAN BERNARDO;52685;3;4/12/2023
PACÍFICO;NARIÑO;SAN PABLO;52693;3;4/12/2023
ANDINA;NORTE DE SANTANDER;ARBOLEDAS;54051;3;4/12/2023
ANDINA;NORTE DE SANTANDER;BOCHALEMA;54099;3;4/12/2023
ANDINA;NORTE DE SANTANDER;BUCARASICA;54109;3;4/12/2023
ANDINA;NORTE DE SANTANDER;CHINÁCOTA;54172;3;4/12/2023
ANDINA;NORTE DE SANTANDER;CHITAGÁ;54174;3;4/12/2023
ANDINA;NORTE DE SANTANDER;CONVENCIÓN;54206;3;4/12/2023
ANDINA;NORTE DE SANTANDER;CUCUTILLA;54223;3;4/12/2023
ANDINA;NORTE DE SANTANDER;CÁCHIRA;54128;3;4/12/2023
ANDINA;NORTE DE SANTANDER;DURANIA;54239;3;4/12/2023
ANDINA;NORTE DE SANTANDER;EL CARMEN;54245;3;4/12/2023
ANDINA;NORTE DE SANTANDER;EL ZULIA;54261;3;4/12/2023
ANDINA;NORTE DE SANTANDER;GRAMALOTE;54313;3;4/12/2023
ANDINA;NORTE DE SANTANDER;LA ESPERANZA;54385;3;4/12/2023
ANDINA;NORTE DE SANTANDER;LA PLAYA;54398;3;4/12/2023
ANDINA;NORTE DE SANTANDER;LOS PATIOS;54405;3;4/12/2023
ANDINA;NORTE DE SANTANDER;LOURDES;54418;3;4/12/2023
ANDINA;NORTE DE SANTANDER;MUTISCUA;54480;3;4/12/2023
ANDINA;NORTE DE SANTANDER;OCAÑA;54498;3;4/12/2023
ANDINA;NORTE DE SANTANDER;PAMPLONA;54518;3;4/12/2023
ANDINA;NORTE DE SANTANDER;PAMPLONITA;54520;3;4/12/2023
ANDINA;NORTE DE SANTANDER;RAGONVALIA;54599;3;4/12/2023
ANDINA;NORTE DE SANTANDER;SALAZAR;54660;3;4/12/2023
ANDINA;NORTE DE SANTANDER;SAN CAYETANO;54673;3;4/12/2023
ANDINA;NORTE DE SANTANDER;SAN JOSÉ DE CÚCUTA;54001;3;4/12/2023
ANDINA;NORTE DE SANTANDER;SANTIAGO;54680;3;4/12/2023
ANDINA;NORTE DE SANTANDER;SARDINATA;54720;3;4/12/2023
ANDINA;NORTE DE SANTANDER;VILLA CARO;54871;3;4/12/2023
ANDINA;NORTE DE SANTANDER;ÁBREGO;54003;3;4/12/2023
ANDINA;QUINDÍO;CÓRDOBA;63212;3;4/12/2023
ANDINA;QUINDÍO;GÉNOVA;63302;3;4/12/2023
ANDINA;QUINDÍO;PIJAO;63548;3;4/12/2023
ANDINA;QUINDÍO;SALENTO;63690;3;4/12/2023
ANDINA;RISARALDA;PEREIRA;66001;3;4/12/2023
ANDINA;RISARALDA;SANTA ROSA DE CABAL;66682;3;4/12/2023
ANDINA;SANTANDER;AGUADA;68013;3;4/12/2023
ANDINA;SANTANDER;ALBANIA;68020;3;4/12/2023
ANDINA;SANTANDER;ARATOCA;68051;3;4/12/2023
ANDINA;SANTANDER;BARBOSA;68077;3;4/12/2023
ANDINA;SANTANDER;BARICHARA;68079;3;4/12/2023
ANDINA;SANTANDER;BARRANCABERMEJA;68081;3;4/12/2023
ANDINA;SANTANDER;BETULIA;68092;3;4/12/2023
ANDINA;SANTANDER;BOLÍVAR;68101;3;4/12/2023
ANDINA;SANTANDER;BUCARAMANGA;68001;3;4/12/2023
ANDINA;SANTANDER;CABRERA;68121;3;4/12/2023
ANDINA;SANTANDER;CALIFORNIA;68132;3;4/12/2023
ANDINA;SANTANDER;CAPITANEJO;68147;3;4/12/2023
ANDINA;SANTANDER;CARCASÍ;68152;3;4/12/2023
ANDINA;SANTANDER;CEPITÁ;68160;3;4/12/2023
ANDINA;SANTANDER;CERRITO;68162;3;4/12/2023
ANDINA;SANTANDER;CHARALÁ;68167;3;4/12/2023
ANDINA;SANTANDER;CHARTA;68169;3;4/12/2023
ANDINA;SANTANDER;CHIMA;68176;3;4/12/2023
ANDINA;SANTANDER;CHIPATÁ;68179;3;4/12/2023
ANDINA;SANTANDER;CIMITARRA;68190;3;4/12/2023
ANDINA;SANTANDER;CONCEPCIÓN;68207;3;4/12/2023
ANDINA;SANTANDER;COROMORO;68217;3;4/12/2023
ANDINA;SANTANDER;CURITÍ;68229;3;4/12/2023
ANDINA;SANTANDER;EL CARMEN DE CHUCURÍ;68235;3;4/12/2023
ANDINA;SANTANDER;EL PEÑÓN;68250;3;4/12/2023
ANDINA;SANTANDER;EL PLAYÓN;68255;3;4/12/2023
ANDINA;SANTANDER;ENCINO;68264;3;4/12/2023
ANDINA;SANTANDER;ENCISO;68266;3;4/12/2023
ANDINA;SANTANDER;FLORIDABLANCA;68276;3;4/12/2023
ANDINA;SANTANDER;FLORIÁN;68271;3;4/12/2023
ANDINA;SANTANDER;GALÁN;68296;3;4/12/2023
ANDINA;SANTANDER;GIRÓN;68307;3;4/12/2023
ANDINA;SANTANDER;GUACA;68318;3;4/12/2023
ANDINA;SANTANDER;GUAVATÁ;68324;3;4/12/2023
ANDINA;SANTANDER;GÁMBITA;68298;3;4/12/2023
ANDINA;SANTANDER;GÜEPSA;68327;3;4/12/2023
ANDINA;SANTANDER;HATO;68344;3;4/12/2023
ANDINA;SANTANDER;JESÚS MARÍA;68368;3;4/12/2023
ANDINA;SANTANDER;JORDÁN;68370;3;4/12/2023
ANDINA;SANTANDER;LA BELLEZA;68377;3;4/12/2023
ANDINA;SANTANDER;LA PAZ;68397;3;4/12/2023
ANDINA;SANTANDER;LANDÁZURI;68385;3;4/12/2023
ANDINA;SANTANDER;LEBRIJA;68406;3;4/12/2023
ANDINA;SANTANDER;LOS SANTOS;68418;3;4/12/2023
ANDINA;SANTANDER;MACARAVITA;68425;3;4/12/2023
ANDINA;SANTANDER;MATANZA;68444;3;4/12/2023
ANDINA;SANTANDER;MOGOTES;68464;3;4/12/2023
ANDINA;SANTANDER;MOLAGAVITA;68468;3;4/12/2023
ANDINA;SANTANDER;MÁLAGA;68432;3;4/12/2023
ANDINA;SANTANDER;ONZAGA;68502;3;4/12/2023
ANDINA;SANTANDER;PALMAR;68522;3;4/12/2023
ANDINA;SANTANDER;PALMAS DEL SOCORRO;68524;3;4/12/2023
ANDINA;SANTANDER;PIEDECUESTA;68547;3;4/12/2023
ANDINA;SANTANDER;PINCHOTE;68549;3;4/12/2023
ANDINA;SANTANDER;PUENTE NACIONAL;68572;3;4/12/2023
ANDINA;SANTANDER;PUERTO PARRA;68573;3;4/12/2023
ANDINA;SANTANDER;PUERTO WILCHES;68575;3;4/12/2023
ANDINA;SANTANDER;PÁRAMO;68533;3;4/12/2023
ANDINA;SANTANDER;RIONEGRO;68615;3;4/12/2023
ANDINA;SANTANDER;SABANA DE TORRES;68655;3;4/12/2023
ANDINA;SANTANDER;SAN ANDRÉS;68669;3;4/12/2023
ANDINA;SANTANDER;SAN GIL;68679;3;4/12/2023
ANDINA;SANTANDER;SAN JOAQUÍN;68682;3;4/12/2023
ANDINA;SANTANDER;SAN JOSÉ DE MIRANDA;68684;3;4/12/2023
ANDINA;SANTANDER;SAN MIGUEL;68686;3;4/12/2023
ANDINA;SANTANDER;SAN VICENTE DE CHUCURÍ;68689;3;4/12/2023
ANDINA;SANTANDER;SANTA BÁRBARA;68705;3;4/12/2023
ANDINA;SANTANDER;SANTA HELENA DEL OPÓN;68720;3;4/12/2023
ANDINA;SANTANDER;SIMACOTA;68745;3;4/12/2023
ANDINA;SANTANDER;SOCORRO;68755;3;4/12/2023
ANDINA;SANTANDER;SUCRE;68773;3;4/12/2023
ANDINA;SANTANDER;SURATÁ;68780;3;4/12/2023
ANDINA;SANTANDER;TONA;68820;3;4/12/2023
ANDINA;SANTANDER;VALLE DE SAN JOSÉ;68855;3;4/12/2023
ANDINA;SANTANDER;VETAS;68867;3;4/12/2023
ANDINA;SANTANDER;VILLANUEVA;68872;3;4/12/2023
ANDINA;SANTANDER;VÉLEZ;68861;3;4/12/2023
ANDINA;SANTANDER;ZAPATOCA;68895;3;4/12/2023
CARIBE;SUCRE;CHALÁN;70230;3;4/12/2023
CARIBE;SUCRE;COLOSÓ;70204;3;4/12/2023
CARIBE;SUCRE;OVEJAS;70508;3;4/12/2023
CARIBE;SUCRE;SAN JOSÉ DE TOLUVIEJO;70823;3;4/12/2023
ANDINA;TOLIMA;ALPUJARRA;73024;3;4/12/2023
ANDINA;TOLIMA;ANZOÁTEGUI;73043;3;4/12/2023
ANDINA;TOLIMA;ARMERO;73055;3;4/12/2023
ANDINA;TOLIMA;ATACO;73067;3;4/12/2023
ANDINA;TOLIMA;CAJAMARCA;73124;3;4/12/2023
ANDINA;TOLIMA;CASABIANCA;73152;3;4/12/2023
ANDINA;TOLIMA;CHAPARRAL;73168;3;4/12/2023
ANDINA;TOLIMA;COELLO;73200;3;4/12/2023
ANDINA;TOLIMA;COYAIMA;73217;3;4/12/2023
ANDINA;TOLIMA;DOLORES;73236;3;4/12/2023
ANDINA;TOLIMA;FRESNO;73283;3;4/12/2023
ANDINA;TOLIMA;HERVEO;73347;3;4/12/2023
ANDINA;TOLIMA;HONDA;73349;3;4/12/2023
ANDINA;TOLIMA;IBAGUÉ;73001;3;4/12/2023
ANDINA;TOLIMA;ICONONZO;73352;3;4/12/2023
ANDINA;TOLIMA;LÍBANO;73411;3;4/12/2023
ANDINA;TOLIMA;MURILLO;73461;3;4/12/2023
ANDINA;TOLIMA;NATAGAIMA;73483;3;4/12/2023
ANDINA;TOLIMA;ORTEGA;73504;3;4/12/2023
ANDINA;TOLIMA;PLANADAS;73555;3;4/12/2023
ANDINA;TOLIMA;PRADO;73563;3;4/12/2023
ANDINA;TOLIMA;PURIFICACIÓN;73585;3;4/12/2023
ANDINA;TOLIMA;RIOBLANCO;73616;3;4/12/2023
ANDINA;TOLIMA;RONCESVALLES;73622;3;4/12/2023
ANDINA;TOLIMA;ROVIRA;73624;3;4/12/2023
ANDINA;TOLIMA;SAN ANTONIO;73675;3;4/12/2023
ANDINA;TOLIMA;SAN LUIS;73678;3;4/12/2023
ANDINA;TOLIMA;SANTA ISABEL;73686;3;4/12/2023
ANDINA;TOLIMA;VILLAHERMOSA;73870;3;4/12/2023
PACÍFICO;VALLE DEL CAUCA;GUADALAJARA DE BUGA;76111;3;4/12/2023
PACÍFICO;VALLE DEL CAUCA;LA UNIÓN;76400;3;4/12/2023
PACÍFICO;VALLE DEL CAUCA;LA VICTORIA;76403;3;4/12/2023
PACÍFICO;VALLE DEL CAUCA;OBANDO;76497;3;4/12/2023
PACÍFICO;VALLE DEL CAUCA;ROLDANILLO;76622;3;4/12/2023
PACÍFICO;VALLE DEL CAUCA;SEVILLA;76736;3;4/12/2023
PACÍFICO;VALLE DEL CAUCA;TORO;76823;3;4/12/2023
PACÍFICO;VALLE DEL CAUCA;TULUÁ;76834;3;4/12/2023
PACÍFICO;VALLE DEL CAUCA;ZARZAL;76895;3;4/12/2023
ORINOQUÍA;VICHADA;CUMARIBO;99773;3;4/12/2023
ORINOQUÍA;VICHADA;LA PRIMAVERA;99524;3;4/12/2023
ANDINA;ANTIOQUIA;APARTADÓ;05045;1;4/12/2023
ANDINA;ANTIOQUIA;ARGELIA;05055;1;4/12/2023
ANDINA;ANTIOQUIA;CAICEDO;05125;1;4/12/2023
ANDINA;ANTIOQUIA;CARACOLÍ;05142;1;4/12/2023
ANDINA;ANTIOQUIA;CISNEROS;05190;1;4/12/2023
ANDINA;ANTIOQUIA;COCORNÁ;05197;1;4/12/2023
ANDINA;ANTIOQUIA;FRONTINO;05284;1;4/12/2023
ANDINA;ANTIOQUIA;NARIÑO;05483;1;4/12/2023
ANDINA;ANTIOQUIA;PUERTO BERRÍO;05579;1;4/12/2023
ANDINA;ANTIOQUIA;SAN ROQUE;05670;1;4/12/2023
ANDINA;ANTIOQUIA;TARAZÁ;05790;1;4/12/2023
ANDINA;ANTIOQUIA;VALDIVIA;05854;1;4/12/2023
CARIBE;BOLÍVAR;ARJONA;13052;1;4/12/2023
CARIBE;BOLÍVAR;CÓRDOBA;13212;1;4/12/2023
CARIBE;BOLÍVAR;MAGANGUÉ;13430;1;4/12/2023
CARIBE;BOLÍVAR;PINILLOS;13549;1;4/12/2023
CARIBE;BOLÍVAR;REGIDOR;13580;1;4/12/2023
CARIBE;BOLÍVAR;ZAMBRANO;13894;1;4/12/2023
ANDINA;BOYACÁ;BUSBANZÁ;15114;1;4/12/2023
ANDINA;BOYACÁ;CUÍTIVA;15226;1;4/12/2023
ANDINA;BOYACÁ;LA VICTORIA;15401;1;4/12/2023
ANDINA;BOYACÁ;OTANCHE;15507;1;4/12/2023
ANDINA;BOYACÁ;PISBA;15550;1;4/12/2023
ANDINA;BOYACÁ;SAN PABLO DE BORBUR;15681;1;4/12/2023
ANDINA;BOYACÁ;SANTA MARÍA;15690;1;4/12/2023
ANDINA;BOYACÁ;SIACHOQUE;15740;1;4/12/2023
ANDINA;BOYACÁ;TUNJA;15001;1;4/12/2023
ANDINA;BOYACÁ;TUNUNGUÁ;15832;1;4/12/2023
ANDINA;BOYACÁ;TÓPAGA;15820;1;4/12/2023
ANDINA;BOYACÁ;VENTAQUEMADA;15861;1;4/12/2023
ANDINA;CALDAS;CHINCHINÁ;17174;1;4/12/2023
ANDINA;CALDAS;RISARALDA;17616;1;4/12/2023
ANDINA;CALDAS;SAN JOSÉ;17665;1;4/12/2023
ANDINA;CALDAS;VICTORIA;17867;1;4/12/2023
AMAZONÍA;CAQUETÁ;EL DONCELLO;18247;1;4/12/2023
AMAZONÍA;CAQUETÁ;FLORENCIA;18001;1;4/12/2023
AMAZONÍA;CAQUETÁ;VALPARAÍSO;18860;1;4/12/2023
ORINOQUÍA;CASANARE;MANÍ;85139;1;4/12/2023
ORINOQUÍA;CASANARE;NUNCHÍA;85225;1;4/12/2023
ORINOQUÍA;CASANARE;SAN LUIS DE PALENQUE;85325;1;4/12/2023
ORINOQUÍA;CASANARE;TRINIDAD;85430;1;4/12/2023
ORINOQUÍA;CASANARE;TÁMARA;85400;1;4/12/2023
PACÍFICO;CAUCA;CALDONO;19137;1;4/12/2023
PACÍFICO;CAUCA;CALOTO;19142;1;4/12/2023
PACÍFICO;CAUCA;MIRANDA;19455;1;4/12/2023
PACÍFICO;CAUCA;MORALES;19473;1;4/12/2023
PACÍFICO;CAUCA;PIENDAMÓ - TUNÍA;19548;1;4/12/2023
PACÍFICO;CAUCA;POPAYÁN;19001;1;4/12/2023
PACÍFICO;CAUCA;SANTANDER DE QUILICHAO;19698;1;4/12/2023
PACÍFICO;CHOCÓ;BAGADÓ;27073;1;4/12/2023
PACÍFICO;CHOCÓ;EL CARMEN DE ATRATO;27245;1;4/12/2023
PACÍFICO;CHOCÓ;SIPÍ;27745;1;4/12/2023
ANDINA;CUNDINAMARCA;AGUA DE DIOS;25001;1;4/12/2023
ANDINA;CUNDINAMARCA;CÁQUEZA;25151;1;4/12/2023
ANDINA;CUNDINAMARCA;FOSCA;25281;1;4/12/2023
ANDINA;CUNDINAMARCA;GACHALÁ;25293;1;4/12/2023
ANDINA;CUNDINAMARCA;GAMA;25299;1;4/12/2023
ANDINA;CUNDINAMARCA;GUATAQUÍ;25324;1;4/12/2023
ANDINA;CUNDINAMARCA;GUAYABETAL;25335;1;4/12/2023
ANDINA;CUNDINAMARCA;NIMAIMA;25489;1;4/12/2023
ANDINA;CUNDINAMARCA;PAIME;25518;1;4/12/2023
ANDINA;CUNDINAMARCA;QUEBRADANEGRA;25592;1;4/12/2023
ANDINA;CUNDINAMARCA;QUETAME;25594;1;4/12/2023
ANDINA;CUNDINAMARCA;SUESCA;25772;1;4/12/2023
ANDINA;CUNDINAMARCA;TOCANCIPÁ;25817;1;4/12/2023
ANDINA;CUNDINAMARCA;VILLAGÓMEZ;25871;1;4/12/2023
ANDINA;CUNDINAMARCA;YACOPÍ;25885;1;4/12/2023
CARIBE;CÓRDOBA;CERETÉ;23162;1;4/12/2023
CARIBE;CÓRDOBA;CHIMÁ;23168;1;4/12/2023
CARIBE;CÓRDOBA;LORICA;23417;1;4/12/2023
CARIBE;CÓRDOBA;PUEBLO NUEVO;23570;1;4/12/2023
CARIBE;CÓRDOBA;SAN BERNARDO DEL VIENTO;23675;1;4/12/2023
AMAZONÍA;GUAINÍA;INÍRIDA;94001;1;4/12/2023
ANDINA;HUILA;ALTAMIRA;41026;1;4/12/2023
ANDINA;HUILA;ELÍAS;41244;1;4/12/2023
ANDINA;HUILA;GARZÓN;41298;1;4/12/2023
ANDINA;HUILA;GUADALUPE;41319;1;4/12/2023
ANDINA;HUILA;LA PLATA;41396;1;4/12/2023
ANDINA;HUILA;NÁTAGA;41483;1;4/12/2023
ANDINA;HUILA;PITAL;41548;1;4/12/2023
ANDINA;HUILA;SAN AGUSTÍN;41668;1;4/12/2023
ANDINA;HUILA;TARQUI;41791;2;4/12/2023
ANDINA;HUILA;TIMANÁ;41807;1;4/12/2023
CARIBE;LA GUAJIRA;MANAURE;44560;1;4/12/2023
CARIBE;MAGDALENA;ARIGUANÍ;47058;1;4/12/2023
CARIBE;MAGDALENA;CHIVOLO;47170;1;4/12/2023
CARIBE;MAGDALENA;CONCORDIA;47205;1;4/12/2023
CARIBE;MAGDALENA;PIVIJAY;47551;1;4/12/2023
CARIBE;MAGDALENA;PLATO;47555;1;4/12/2023
CARIBE;MAGDALENA;SABANAS DE SAN ÁNGEL;47660;1;4/12/2023
CARIBE;MAGDALENA;ZAPAYÁN;47960;1;4/12/2023
ORINOQUÍA;META;CUBARRAL;50223;1;4/12/2023
ORINOQUÍA;META;EL CALVARIO;50245;1;4/12/2023
ORINOQUÍA;META;MESETAS;50330;1;4/12/2023
ORINOQUÍA;META;SAN JUANITO;50686;1;4/12/2023
ORINOQUÍA;META;VISTAHERMOSA;50711;1;4/12/2023
PACÍFICO;NARIÑO;ALBÁN;52019;1;4/12/2023
PACÍFICO;NARIÑO;ARBOLEDA;52051;1;4/12/2023
PACÍFICO;NARIÑO;CUMBITARA;52233;1;4/12/2023
PACÍFICO;NARIÑO;EL PEÑOL;52254;1;4/12/2023
PACÍFICO;NARIÑO;EL ROSARIO;52256;1;4/12/2023
PACÍFICO;NARIÑO;EL TAMBO;52260;1;4/12/2023
PACÍFICO;NARIÑO;IPIALES;52356;1;4/12/2023
PACÍFICO;NARIÑO;LA FLORIDA;52381;1;4/12/2023
PACÍFICO;NARIÑO;LA LLANADA;52385;1;4/12/2023
PACÍFICO;NARIÑO;LINARES;52411;1;4/12/2023
PACÍFICO;NARIÑO;LOS ANDES;52418;1;4/12/2023
PACÍFICO;NARIÑO;POLICARPA;52540;1;4/12/2023
PACÍFICO;NARIÑO;SAN LORENZO;52687;1;4/12/2023
PACÍFICO;NARIÑO;SAN PEDRO DE CARTAGO;52694;1;4/12/2023
PACÍFICO;NARIÑO;SANDONÁ;52683;1;4/12/2023
PACÍFICO;NARIÑO;TAMINANGO;52786;1;4/12/2023
ANDINA;NORTE DE SANTANDER;CÁCOTA;54125;1;4/12/2023
ANDINA;NORTE DE SANTANDER;HERRÁN;54347;1;4/12/2023
ANDINA;NORTE DE SANTANDER;LABATECA;54377;1;4/12/2023
ANDINA;NORTE DE SANTANDER;TEORAMA;54800;1;4/12/2023
ANDINA;NORTE DE SANTANDER;TOLEDO;54820;1;4/12/2023
ANDINA;RISARALDA;BALBOA;66075;1;4/12/2023
ANDINA;RISARALDA;MISTRATÓ;66456;1;4/12/2023
ANDINA;SANTANDER;CONTRATACIÓN;68211;1;4/12/2023
ANDINA;SANTANDER;OIBA;68500;1;4/12/2023
CARIBE;SUCRE;COROZAL;70215;1;4/12/2023
CARIBE;SUCRE;SAMPUÉS;70670;1;4/12/2023
ANDINA;TOLIMA;CARMEN DE APICALÁ;73148;1;4/12/2023
ANDINA;TOLIMA;ESPINAL;73268;1;4/12/2023
ANDINA;TOLIMA;VALLE DE SAN JUAN;73854;1;4/12/2023
PACÍFICO;VALLE DEL CAUCA;EL DOVIO;76250;1;4/12/2023
PACÍFICO;VALLE DEL CAUCA;EL ÁGUILA;76243;1;4/12/2023
PACÍFICO;VALLE DEL CAUCA;FLORIDA;76275;1;4/12/2023
PACÍFICO;VALLE DEL CAUCA;GINEBRA;76306;1;4/12/2023
PACÍFICO;VALLE DEL CAUCA;GUACARÍ;76318;1;4/12/2023
PACÍFICO;VALLE DEL CAUCA;PRADERA;76563;1;4/12/2023
PACÍFICO;VALLE DEL CAUCA;SAN PEDRO;76670;1;4/12/2023
PACÍFICO;VALLE DEL CAUCA;TRUJILLO;76828;1;4/12/2023
PACÍFICO;VALLE DEL CAUCA;ULLOA;76845;1;4/12/2023
PACÍFICO;VALLE DEL CAUCA;VERSALLES;76863;1;4/12/2023
PACÍFICO;VALLE DEL CAUCA;VIJES;76869;1;4/12/2023
PACÍFICO;VALLE DEL CAUCA;YOTOCO;76890;1;4/12/2023
ORINOQUÍA;VICHADA;SANTA ROSALÍA;99624;1;4/12/2023
ANDINA;ANTIOQUIA;ABRIAQUÍ;05004;2;4/12/2023
ANDINA;ANTIOQUIA;BARBOSA;05079;2;4/12/2023
ANDINA;ANTIOQUIA;BETANIA;05091;2;4/12/2023
ANDINA;ANTIOQUIA;CAÑASGORDAS;05138;2;4/12/2023
ANDINA;ANTIOQUIA;EL SANTUARIO;05697;2;4/12/2023
ANDINA;ANTIOQUIA;ENTRERRÍOS;05264;2;4/12/2023
ANDINA;ANTIOQUIA;GRANADA;05313;2;4/12/2023
ANDINA;ANTIOQUIA;ITUANGO;05361;2;4/12/2023
ANDINA;ANTIOQUIA;MACEO;05425;2;4/12/2023
ANDINA;ANTIOQUIA;MARINILLA;05440;2;4/12/2023
ANDINA;ANTIOQUIA;PEQUE;05543;2;4/12/2023
ANDINA;ANTIOQUIA;PEÑOL;05541;2;4/12/2023
ANDINA;ANTIOQUIA;SABANALARGA;05628;2;4/12/2023
ANDINA;ANTIOQUIA;SAN ANDRÉS DE CUERQUÍA;05647;2;4/12/2023
ANDINA;ANTIOQUIA;SAN JOSÉ DE LA MONTAÑA;05658;2;4/12/2023
ANDINA;ANTIOQUIA;SAN VICENTE FERRER;05674;2;4/12/2023
ANDINA;ANTIOQUIA;SANTO DOMINGO;05690;2;4/12/2023
ANDINA;ANTIOQUIA;TOLEDO;05819;2;4/12/2023
ANDINA;ANTIOQUIA;VEGACHÍ;05858;2;4/12/2023
ANDINA;ANTIOQUIA;ZARAGOZA;05895;2;4/12/2023
ORINOQUÍA;ARAUCA;ARAUCA;81001;2;4/12/2023
ORINOQUÍA;ARAUCA;FORTUL;81300;2;4/12/2023
ORINOQUÍA;ARAUCA;PUERTO RONDÓN;81591;2;4/12/2023
ORINOQUÍA;ARAUCA;SARAVENA;81736;2;4/12/2023
CARIBE;ATLÁNTICO;MANATÍ;08436;2;4/12/2023
CARIBE;ATLÁNTICO;REPELÓN;08606;2;4/12/2023
CARIBE;BOLÍVAR;ARROYOHONDO;13062;2;4/12/2023
CARIBE;BOLÍVAR;CALAMAR;13140;2;4/12/2023
CARIBE;BOLÍVAR;EL GUAMO;13248;2;4/12/2023
CARIBE;BOLÍVAR;MAHATES;13433;2;4/12/2023
CARIBE;BOLÍVAR;MARÍA LA BAJA;13442;2;4/12/2023
CARIBE;BOLÍVAR;SAN JACINTO;13654;2;4/12/2023
CARIBE;BOLÍVAR;SAN JUAN NEPOMUCENO;13657;2;4/12/2023
CARIBE;BOLÍVAR;VILLANUEVA;13873;2;4/12/2023
ANDINA;BOYACÁ;AQUITANIA;15047;2;4/12/2023
ANDINA;BOYACÁ;BRICEÑO;15106;2;4/12/2023
ANDINA;BOYACÁ;BUENAVISTA;15109;2;4/12/2023
ANDINA;BOYACÁ;CAMPOHERMOSO;15135;2;4/12/2023
ANDINA;BOYACÁ;CHINAVITA;15172;2;4/12/2023
ANDINA;BOYACÁ;CHITARAQUE;15185;2;4/12/2023
ANDINA;BOYACÁ;CIÉNEGA;15189;2;4/12/2023
ANDINA;BOYACÁ;COPER;15212;2;4/12/2023
ANDINA;BOYACÁ;CORRALES;15215;2;4/12/2023
ANDINA;BOYACÁ;GARAGOA;15299;2;4/12/2023
ANDINA;BOYACÁ;LA CAPILLA;15380;2;4/12/2023
ANDINA;BOYACÁ;LABRANZAGRANDE;15377;2;4/12/2023
ANDINA;BOYACÁ;MARIPÍ;15442;2;4/12/2023
ANDINA;BOYACÁ;MONGUÍ;15466;2;4/12/2023
ANDINA;BOYACÁ;MUZO;15480;2;4/12/2023
ANDINA;BOYACÁ;PACHAVITA;15511;2;4/12/2023
ANDINA;BOYACÁ;PAJARITO;15518;2;4/12/2023
ANDINA;BOYACÁ;PAUNA;15531;2;4/12/2023
ANDINA;BOYACÁ;PAYA;15533;2;4/12/2023
ANDINA;BOYACÁ;PUERTO BOYACÁ;15572;2;4/12/2023
ANDINA;BOYACÁ;QUÍPAMA;15580;2;4/12/2023
ANDINA;BOYACÁ;SABOYÁ;15632;2;4/12/2023
ANDINA;BOYACÁ;SAMACÁ;15646;2;4/12/2023
ANDINA;BOYACÁ;SAN EDUARDO;15660;2;4/12/2023
ANDINA;BOYACÁ;SAN JOSÉ DE PARE;15664;2;4/12/2023
ANDINA;BOYACÁ;SAN LUIS DE GACENO;15667;2;4/12/2023
ANDINA;BOYACÁ;SANTA SOFÍA;15696;2;4/12/2023
ANDINA;BOYACÁ;SANTANA;15686;2;4/12/2023
ANDINA;BOYACÁ;SUTAMARCHÁN;15776;2;4/12/2023
ANDINA;BOYACÁ;TASCO;15790;2;4/12/2023
ANDINA;BOYACÁ;TOTA;15822;2;4/12/2023
ANDINA;CALDAS;ANSERMA;17042;2;4/12/2023
ANDINA;CALDAS;ARANZAZU;17050;2;4/12/2023
ANDINA;CALDAS;FILADELFIA;17272;2;4/12/2023
ANDINA;CALDAS;LA DORADA;17380;2;4/12/2023
ANDINA;CALDAS;SALAMINA;17653;2;4/12/2023
ANDINA;CALDAS;VILLAMARÍA;17873;2;4/12/2023
AMAZONÍA;CAQUETÁ;PUERTO RICO;18592;2;4/12/2023
AMAZONÍA;CAQUETÁ;SAN VICENTE DEL CAGUÁN;18753;2;4/12/2023
ORINOQUÍA;CASANARE;AGUAZUL;85010;2;4/12/2023
ORINOQUÍA;CASANARE;CHÁMEZA;85015;2;4/12/2023
ORINOQUÍA;CASANARE;OROCUÉ;85230;2;4/12/2023
ORINOQUÍA;CASANARE;RECETOR;85279;2;4/12/2023
ORINOQUÍA;CASANARE;TAURAMENA;85410;2;4/12/2023
ORINOQUÍA;CASANARE;YOPAL;85001;2;4/12/2023
PACÍFICO;CAUCA;BUENOS AIRES;19110;2;4/12/2023
PACÍFICO;CAUCA;CORINTO;19212;2;4/12/2023
PACÍFICO;CAUCA;JAMBALÓ;19364;2;4/12/2023
PACÍFICO;CAUCA;LA SIERRA;19392;2;4/12/2023
PACÍFICO;CAUCA;LA VEGA;19397;2;4/12/2023
PACÍFICO;CAUCA;ROSAS;19622;2;4/12/2023
PACÍFICO;CAUCA;SOTARÁ PAISPAMBA;19760;2;4/12/2023
PACÍFICO;CAUCA;SUCRE;19785;2;4/12/2023
PACÍFICO;CAUCA;SUÁREZ;19780;2;4/12/2023
PACÍFICO;CAUCA;TORIBÍO;19821;2;4/12/2023
ANDINA;CUNDINAMARCA;CAPARRAPÍ;25148;2;4/12/2023
ANDINA;CUNDINAMARCA;CHIPAQUE;25178;2;4/12/2023
ANDINA;CUNDINAMARCA;CHOACHÍ;25181;2;4/12/2023
ANDINA;CUNDINAMARCA;FÓMEQUE;25279;2;4/12/2023
ANDINA;CUNDINAMARCA;GIRARDOT;25307;2;4/12/2023
ANDINA;CUNDINAMARCA;GUADUAS;25320;2;4/12/2023
ANDINA;CUNDINAMARCA;GUASCA;25322;2;4/12/2023
ANDINA;CUNDINAMARCA;JUNÍN;25372;2;4/12/2023
ANDINA;CUNDINAMARCA;MEDINA;25438;2;4/12/2023
ANDINA;CUNDINAMARCA;NARIÑO;25483;2;4/12/2023
ANDINA;CUNDINAMARCA;PANDI;25524;2;4/12/2023
ANDINA;CUNDINAMARCA;PARATEBUENO;25530;2;4/12/2023
ANDINA;CUNDINAMARCA;RICAURTE;25612;2;4/12/2023
ANDINA;CUNDINAMARCA;SAN BERNARDO;25649;2;4/12/2023
ANDINA;CUNDINAMARCA;UBALÁ;25839;2;4/12/2023
ANDINA;CUNDINAMARCA;UBAQUE;25841;2;4/12/2023
ANDINA;CUNDINAMARCA;VILLETA;25875;2;4/12/2023
CARIBE;CÓRDOBA;PUERTO LIBERTADOR;23580;2;4/12/2023
ANDINA;HUILA;AGRADO;41013;2;4/12/2023
ANDINA;HUILA;ALGECIRAS;41020;2;4/12/2023
ANDINA;HUILA;GIGANTE;41306;2;4/12/2023
ANDINA;HUILA;HOBO;41349;2;4/12/2023
ANDINA;HUILA;PAICOL;41518;2;4/12/2023
ANDINA;HUILA;TELLO;41799;2;4/12/2023
ANDINA;HUILA;TESALIA;41797;2;4/12/2023
ANDINA;HUILA;ÍQUIRA;41357;2;4/12/2023
CARIBE;MAGDALENA;ALGARROBO;47030;2;4/12/2023
CARIBE;MAGDALENA;PEDRAZA;47541;2;4/12/2023
CARIBE;MAGDALENA;TENERIFE;47798;2;4/12/2023
ORINOQUÍA;META;CABUYARO;50124;2;4/12/2023
ORINOQUÍA;META;CUMARAL;50226;2;4/12/2023
ORINOQUÍA;META;LA MACARENA;50350;2;4/12/2023
ORINOQUÍA;META;PUERTO LLERAS;50577;2;4/12/2023
ORINOQUÍA;META;PUERTO LÓPEZ;50573;2;4/12/2023
ORINOQUÍA;META;SAN CARLOS DE GUAROA;50680;2;4/12/2023
PACÍFICO;NARIÑO;BELÉN;52083;2;4/12/2023
PACÍFICO;NARIÑO;BUESACO;52110;2;4/12/2023
PACÍFICO;NARIÑO;CHACHAGÜÍ;52240;2;4/12/2023
PACÍFICO;NARIÑO;COLÓN;52203;2;4/12/2023
PACÍFICO;NARIÑO;CONSACÁ;52207;2;4/12/2023
PACÍFICO;NARIÑO;CONTADERO;52210;2;4/12/2023
PACÍFICO;NARIÑO;FUNES;52287;2;4/12/2023
PACÍFICO;NARIÑO;GUAITARILLA;52320;2;4/12/2023
PACÍFICO;NARIÑO;ILES;52352;2;4/12/2023
PACÍFICO;NARIÑO;IMUÉS;52354;2;4/12/2023
PACÍFICO;NARIÑO;LA UNIÓN;52399;2;4/12/2023
PACÍFICO;NARIÑO;LEIVA;52405;2;4/12/2023
PACÍFICO;NARIÑO;OSPINA;52506;2;4/12/2023
PACÍFICO;NARIÑO;PASTO;52001;2;4/12/2023
PACÍFICO;NARIÑO;PUERRES;52573;2;4/12/2023
PACÍFICO;NARIÑO;TANGUA;52788;2;4/12/2023
PACÍFICO;NARIÑO;YACUANQUER;52885;2;4/12/2023
ANDINA;NORTE DE SANTANDER;SILOS;54743;2;4/12/2023
ANDINA;NORTE DE SANTANDER;VILLA DEL ROSARIO;54874;2;4/12/2023
ANDINA;QUINDÍO;ARMENIA;63001;2;4/12/2023
ANDINA;QUINDÍO;BUENAVISTA;63111;2;4/12/2023
ANDINA;QUINDÍO;CALARCÁ;63130;2;4/12/2023
ANDINA;QUINDÍO;CIRCASIA;63190;2;4/12/2023
ANDINA;QUINDÍO;FILANDIA;63272;2;4/12/2023
ANDINA;QUINDÍO;LA TEBAIDA;63401;2;4/12/2023
ANDINA;QUINDÍO;MONTENEGRO;63470;2;4/12/2023
ANDINA;QUINDÍO;QUIMBAYA;63594;2;4/12/2023
ANDINA;RISARALDA;BELÉN DE UMBRÍA;66088;2;4/12/2023
ANDINA;RISARALDA;GUÁTICA;66318;2;4/12/2023
ANDINA;RISARALDA;QUINCHÍA;66594;2;4/12/2023
ANDINA;SANTANDER;CONFINES;68209;2;4/12/2023
ANDINA;SANTANDER;EL GUACAMAYO;68245;2;4/12/2023
ANDINA;SANTANDER;GUADALUPE;68320;2;4/12/2023
ANDINA;SANTANDER;GUAPOTÁ;68322;2;4/12/2023
ANDINA;SANTANDER;OCAMONTE;68498;2;4/12/2023
ANDINA;SANTANDER;SAN BENITO;68673;2;4/12/2023
ANDINA;SANTANDER;SUAITA;68770;2;4/12/2023
CARIBE;SUCRE;LOS PALMITOS;70418;2;4/12/2023
CARIBE;SUCRE;MORROA;70473;2;4/12/2023
CARIBE;SUCRE;SAN ONOFRE;70713;2;4/12/2023
ANDINA;TOLIMA;ALVARADO;73026;2;4/12/2023
ANDINA;TOLIMA;AMBALEMA;73030;2;4/12/2023
ANDINA;TOLIMA;CUNDAY;73226;2;4/12/2023
ANDINA;TOLIMA;FALAN;73270;2;4/12/2023
ANDINA;TOLIMA;GUAMO;73319;2;4/12/2023
ANDINA;TOLIMA;LÉRIDA;73408;2;4/12/2023
ANDINA;TOLIMA;MELGAR;73449;2;4/12/2023
ANDINA;TOLIMA;PALOCABILDO;73520;2;4/12/2023
ANDINA;TOLIMA;PIEDRAS;73547;2;4/12/2023
ANDINA;TOLIMA;SALDAÑA;73671;2;4/12/2023
ANDINA;TOLIMA;SAN SEBASTIÁN DE MARIQUITA;73443;2;4/12/2023
ANDINA;TOLIMA;SUÁREZ;73770;2;4/12/2023
ANDINA;TOLIMA;VENADILLO;73861;2;4/12/2023
ANDINA;TOLIMA;VILLARRICA;73873;2;4/12/2023
PACÍFICO;VALLE DEL CAUCA;ALCALÁ;76020;2;4/12/2023
PACÍFICO;VALLE DEL CAUCA;ANDALUCÍA;76036;2;4/12/2023
PACÍFICO;VALLE DEL CAUCA;ANSERMANUEVO;76041;2;4/12/2023
PACÍFICO;VALLE DEL CAUCA;ARGELIA;76054;2;4/12/2023
PACÍFICO;VALLE DEL CAUCA;BOLÍVAR;76100;2;4/12/2023
PACÍFICO;VALLE DEL CAUCA;BUGALAGRANDE;76113;2;4/12/2023
PACÍFICO;VALLE DEL CAUCA;CAICEDONIA;76122;2;4/12/2023
PACÍFICO;VALLE DEL CAUCA;CARTAGO;76147;2;4/12/2023
PACÍFICO;VALLE DEL CAUCA;EL CERRITO;76248;2;4/12/2023
PACÍFICO;VALLE DEL CAUCA;JAMUNDÍ;76364;2;4/12/2023
PACÍFICO;VALLE DEL CAUCA;PALMIRA;76520;2;4/12/2023
PACÍFICO;VALLE DEL CAUCA;YUMBO;76892;2;4/12/2023
ORINOQUÍA;VICHADA;PUERTO CARREÑO;99001;2;4/12/2023
